channels,kernel_size,use_pooling,parameters,flops,model_size_mb,latency_ms,device,candidate
"(32, 64)",3,True,545098,6128896,2.0794,0.6898,cpu,1
"(16, 32)",5,True,277610,4769024,1.059,0.7096,cpu,2
"(32, 64, 128)",5,False,17037258,281380096,64.992,8.1049,cpu,3
"(32, 64)",5,False,8443722,63276288,32.2102,2.9259,cpu,4
"(32, 64)",5,False,8443722,63276288,32.2102,3.0221,cpu,5
"(32, 64, 128)",5,True,522186,28935424,1.992,2.1822,cpu,6
"(32, 64, 128)",3,False,16871882,112035072,64.3611,7.2037,cpu,7
"(16, 32)",5,True,277610,4769024,1.059,0.7407,cpu,8
"(16, 32, 64)",3,False,8413610,32425216,32.0954,2.8794,cpu,9
"(32, 64)",5,True,579402,16090368,2.2102,1.1306,cpu,10
